{"loss": 0.0545370876789093, "lr": 1e-05, "_timestamp": 1696943341.7798388, "_runtime": 24.182983875274658, "_step": 5}